procs,tasks,time,n
400,34000,74.05113482475281,1
400,34000,60.29093360900879,2
400,34000,49.215667963027954,4
400,34000,95.23936247825623,8
400,34000,110.8643479347229,16
